date,closing_price,fear_greed_index,pageviews,ITB Sentiment Score,Bitcoin_Normalized,galaxy_score,santiment
2023-03-26,27994.330078125,64.0,7367,-0.4806786050895382,10.847402597402596,42,0.0
2023-03-27,27139.888671875,64.0,8056,-0.3903911787870832,12.613496932515334,42,7.682212795974
2023-03-28,27268.130859375,59.0,8152,-0.5050900548159749,12.263122017723244,42,5.432306883342
2023-03-29,28348.44140625,57.0,8703,-0.5492256637168141,12.613496932515334,42,4.723538665015
2023-03-30,28033.5625,60.0,9144,-0.3608815426997245,12.438309475119288,42,4.090892556
2023-03-31,28478.484375,63.0,8963,-0.5492165528324628,11.912747102931148,42,3.09894161875
2023-04-01,28411.03515625,61.0,7587,-0.1761565836298932,11.912747102931148,42,2.181802148488
2023-04-02,28199.30859375,63.0,6700,-0.4919210053859964,11.912747102931148,42,2.069705056688
2023-04-03,27790.220703125,63.0,8014,-0.4002181025081788,15.102280668318404,42,2.599569022948
2023-04-04,28168.08984375,62.0,8226,-0.3380726698262243,14.694110920526011,42,1.852980403052
2023-04-05,28177.984375,62.0,7525,-0.426093241778099,14.49002604662982,42,2.227938821268
2023-04-06,28044.140625,63.0,8173,-0.5188916876574308,14.285941172733624,42,2.043074627003
2023-04-07,27925.859375,64.0,7995,-0.4558823529411764,14.285941172733624,42,1.63737672418
2023-04-08,27947.794921875,61.0,7511,-0.5146985550572994,12.449177307667874,42,1.195587503073
2023-04-09,28333.05078125,61.0,7162,-0.4340499709471238,12.041007559875483,42,0.735197270927
2023-04-10,29652.98046875,62.0,8603,-0.537406076445606,10.897526501766784,43,1.939212624165
2023-04-11,30235.05859375,68.0,9764,-0.5979240644632614,15.135453474676089,42,2.874489623141
2023-04-12,30139.052734375,65.0,8854,-0.5007645259938838,13.167844522968194,43,1.725003894477
2023-04-13,30399.06640625,61.0,8122,-0.5013613380007779,12.108362779740869,42,1.174245937202
2023-04-14,30485.69921875,68.0,7642,-0.5665338645418326,12.865135453474675,42,1.686088406488
2023-04-15,30318.49609375,68.0,6881,-0.3668214436471085,11.200235571260306,42,0.733431633661
2023-04-16,30315.35546875,68.0,7068,-0.4502092050209205,10.29210836277974,42,0.327127578081
2023-04-17,29445.044921875,69.0,7445,-0.4630981346309814,11.68181818181818,42,1.125898967602
2023-04-18,30397.552734375,58.0,7195,-0.4356975837879969,12.161892901618929,42,1.333970724804
2023-04-19,28822.6796875,63.0,7556,-0.5728676964405641,13.12204234122042,42,0.949171203465
2023-04-20,28245.98828125,52.0,7807,-0.5522886735716672,12.001867995018678,42,0.453352096917
2023-04-21,27276.91015625,50.0,7278,-0.5572005383580081,12.001867995018678,42,0.428025517482
2023-04-22,27817.5,53.0,7095,-0.5551601423487544,10.401618929016188,42,0.011304978938
2023-04-23,27591.384765625,56.0,8167,-0.478,10.401618929016188,43,-0.092230541897
2023-04-24,27525.33984375,53.0,9788,-0.5263813876194433,11.868792307205666,42,0.461377460779
2023-04-25,28307.59765625,53.0,8299,-0.5320356853203568,11.218447523249193,42,0.490964348701
2023-04-26,28422.701171875,56.0,8738,-0.5055908129344213,12.844309483140378,42,1.353521159381
2023-04-27,29473.787109375,59.0,8444,-0.5026521060842434,11.218447523249193,41,0.672593433746
2023-04-28,29340.26171875,64.0,7856,-0.1219656601539372,11.218447523249193,42,0.328129877185
2023-04-29,29248.48828125,64.0,7383,-0.3518601523980278,9.917757955336242,42,-0.09518792079
2023-04-30,29268.806640625,60.0,8217,-0.3845497225778916,9.592585563358003,42,0.028342740814
2023-05-01,28091.568359375,63.0,7994,-0.6380217467555244,11.994724025974026,42,0.411477664622
2023-05-02,28680.537109375,55.0,7921,-0.5264078349073102,11.299377705627704,42,0.481813186454
2023-05-03,29006.30859375,64.0,9107,-0.5854572713643178,11.125541125541124,42,0.685879502554
2023-05-04,28847.7109375,64.0,9396,-0.4897159647404505,11.647050865800864,41,0.370641024935
2023-05-05,29534.384765625,61.0,8624,-0.508957654723127,11.125541125541124,42,0.31202411611
2023-05-06,28904.623046875,60.0,8109,-0.5708935259497058,10.430194805194803,41,-0.117312884544
2023-05-07,28454.978515625,64.0,7020,-0.5645908389089037,10.256358225108224,42,-0.366050419468
2023-05-08,27694.2734375,60.0,7037,-0.6207892204042348,10.810690800623684,41,0.500414602563
2023-05-09,27658.775390625,51.0,6862,-0.6181205540995882,9.9221408718053,42,0.619220292195
2023-05-10,27621.755859375,52.0,7166,-0.5215181294476449,9.774049217002236,41,0.841722349361
2023-05-11,27000.7890625,52.0,7715,-0.4624860022396416,9.774049217002236,42,0.057100484013
2023-05-12,26804.990234375,49.0,8003,-0.3962648556876061,9.9221408718053,41,0.233804835846
2023-05-13,26784.078125,48.0,6979,-0.2898852971845672,8.293132668971595,41,-0.671016963642
2023-05-14,26930.638671875,48.0,6808,-0.4038216560509554,7.700766049759339,42,-0.591160242153
2023-05-15,27192.693359375,50.0,7154,-0.394856278366112,9.241881732930324,42,-0.035273582226
2023-05-16,27036.650390625,54.0,7929,-0.4361001317523056,9.241881732930324,42,-0.223519150832
2023-05-17,27398.802734375,50.0,9053,-0.4820872274143302,8.923196155932727,42,-0.030002592085
2023-05-18,26832.208984375,51.0,8616,-0.4466101694915254,9.560567309927924,41,-0.03705088459
2023-05-19,26890.12890625,48.0,8414,-0.3009166998804304,8.923196155932727,41,0.390194811317
2023-05-20,27129.5859375,48.0,6545,-0.1079851055026892,8.126482213438733,42,0.029038991366
2023-05-21,26753.826171875,52.0,6865,-0.1000415110004151,8.285825001937534,42,0.113207852271
2023-05-22,26851.27734375,49.0,7766,-0.2055538786598249,10.029843893480257,42,4.200984011723
2023-05-23,27225.7265625,50.0,7527,-0.2667838312829525,9.69551576369758,42,0.836296622466
2023-05-24,26334.818359375,50.0,6923,-0.4392523364485981,9.361187633914906,41,0.16148431854
2023-05-25,26476.20703125,51.0,7630,-0.4910025706940874,10.029843893480257,42,0.010500966376
2023-05-26,26719.291015625,49.0,9317,-0.4774011299435028,9.69551576369758,41,0.080925997913
2023-05-27,26868.353515625,48.0,8681,-0.3589069889647924,8.525367309458218,41,-0.975869482041
2023-05-28,28085.646484375,50.0,8940,-0.318942731277533,8.859695439240893,41,-0.78467703698
2023-05-29,27745.884765625,52.0,10544,-0.4520958083832335,10.953600944510034,40,-0.079562766866
2023-05-30,27702.349609375,51.0,9793,-0.4395178648299612,10.953600944510034,42,-0.245010581024
2023-05-31,27219.658203125,51.0,7793,-0.5558364938895912,10.953600944510034,42,-0.285534585809
2023-06-01,26819.97265625,52.0,8072,-0.3017415957877683,11.145769382133016,42,-0.676289174033
2023-06-02,27249.58984375,50.0,8046,-0.3299344501092498,10.377095631641089,42,-0.470827328675
2023-06-03,27075.12890625,53.0,6967,-0.5005500550055005,9.800590318772135,42,-1.069597572634
2023-06-04,27119.06640625,52.0,7594,-0.3147453083109919,9.800590318772135,41,-1.030089815166
2023-06-05,25760.09765625,53.0,8280,-0.584920326467159,10.92393736017897,41,0.479707636313
2023-06-06,27238.783203125,44.0,8500,-0.5802963556267521,12.248050979594604,42,0.867445772283
2023-06-07,26345.998046875,53.0,9055,-0.5518134715025906,10.427394752898108,41,0.054095156432
2023-06-08,26508.216796875,50.0,7399,-0.530471648118707,10.0963663480442,41,-0.825111320997
2023-06-09,26480.375,50.0,6823,-0.3190156599552572,9.268795335909427,42,-2.304596533627
2023-06-10,25851.240234375,49.0,6912,-0.5804518211157216,10.59290895532506,41,-2.179619308142
2023-06-11,25940.16796875,47.0,7019,-0.529479107040641,10.427394752898108,42,-2.143813656211
2023-06-12,25902.5,47.0,7627,-0.3772455089820359,12.794372294372296,41,-2.03893439243
2023-06-13,25918.728515625,45.0,7411,-0.2338514680483592,12.360664758969843,41,-1.936989841399
2023-06-14,25124.67578125,46.0,7929,-0.2366984993178717,13.011226062073517,42,-1.856807864697
2023-06-15,25576.39453125,41.0,10168,-0.2616231086657496,14.095494900579649,42,-1.775293588226
2023-06-16,26327.462890625,47.0,10108,-0.2333452084075525,13.228079829774744,43,-1.710958538533
2023-06-17,26510.67578125,47.0,8825,-0.0235580828594638,12.14381099126862,42,-1.640255471739
2023-06-18,26336.212890625,49.0,8733,-0.1858513189448441,11.926957223567394,42,-1.57749467599
2023-06-19,26851.029296875,47.0,9636,-0.3633410672853828,9.340772453998904,42,-1.51505058919
2023-06-20,28327.48828125,49.0,9574,-0.4334587752309271,10.160138458735652,42,-1.461504983836
2023-06-21,30027.296875,59.0,11068,-0.370242214532872,13.437602477682631,42,-1.411974683332
2023-06-22,29912.28125,65.0,10184,-0.4357782940590773,13.601475678629985,42,-1.374954460357
2023-06-23,30695.46875,65.0,9654,-0.5227070347284061,12.782109673893242,42,-1.34078121483
2023-06-24,30548.6953125,62.0,12577,-0.4168912848158131,11.471124066314443,42,-1.297458932283
2023-06-25,30480.26171875,64.0,10611,-0.5018706574024586,10.979504463472397,42,-1.255083769678
2023-06-26,30271.130859375,55.0,9669,-0.4652833200319234,11.95580538864121,42,-1.215573124532
2023-06-27,30688.1640625,59.0,9918,-0.512042818911686,10.959488272921106,42,-1.175083969248
2023-06-28,30086.24609375,62.0,10554,-0.5195924764890282,11.29159397816114,42,-1.13970969047
2023-06-29,30445.3515625,54.0,11013,-0.3890513999164229,10.959488272921106,42,-1.111395191604
2023-06-30,30477.251953125,56.0,10676,-0.5495086923658352,11.789752536021192,40,-1.080653911433
2023-07-01,30590.078125,59.0,8005,-0.4337031167459059,10.461329715061057,42,-1.047814092714
2023-07-02,30620.76953125,63.0,8775,-0.4281967213114754,10.461329715061057,41,-1.014506788756
2023-07-03,31156.439453125,62.0,9328,-0.3917525773195876,12.621442687747034,42,-0.981191801273
2023-07-04,30777.58203125,64.0,11738,-0.3920076117982873,12.443675889328064,43,-0.951252561304
2023-07-05,30514.166015625,61.0,9392,-0.5284823284823285,11.5548418972332,43,-0.920903827072
2023-07-06,29909.337890625,56.0,9536,-0.3989234449760765,12.621442687747034,42,-0.893443640856
2023-07-07,30342.265625,55.0,10113,-0.2219512195121951,11.199308300395256,43,-0.874263779782
2023-07-08,30292.541015625,58.0,7006,-0.5884353741496599,11.021541501976287,42,-0.844435497837
2023-07-09,30171.234375,55.0,7113,-0.5130641330166271,10.310474308300394,42,-0.817808532982
2023-07-10,30414.470703125,56.0,9997,-0.4013819095477386,10.870580808080808,42,-0.786580150161
2023-07-11,30620.951171875,57.0,9290,-0.2915241353097682,11.032828282828284,42,-0.760201256673
2023-07-12,30391.646484375,64.0,10027,-0.2075746540422432,10.708333333333332,42,-0.734527416123
2023-07-13,31476.048828125,57.0,8074,-0.4952262349522623,11.68181818181818,45,-0.707540131121
2023-07-14,30334.068359375,60.0,7294,-0.2786020441806792,12.493055555555555,42,-0.689147994492
2023-07-15,30295.806640625,56.0,6529,-0.4861181221605249,11.032828282828284,42,-0.682757216307
2023-07-16,30249.1328125,57.0,6412,-0.5085646780862374,10.059343434343434,44,-0.658970171692
2023-07-17,30145.888671875,54.0,8231,-0.5755894590846047,10.546085858585858,42,-0.629964951598
2023-07-18,29856.5625,56.0,7957,-0.5835453774385072,10.383838383838384,44,-0.611163357323
2023-07-19,29913.923828125,50.0,7624,-0.5171641791044777,10.383838383838384,43,-0.579837129178
2023-07-20,29792.015625,56.0,7101,-0.4085192697768762,10.546085858585858,42,-0.567003663761
2023-07-21,29908.744140625,50.0,7525,-0.4104384133611691,10.221590909090908,42,-0.54588158417
2023-07-22,29771.802734375,52.0,6634,-0.5246338215712384,8.761363636363637,42,-0.588660625444
2023-07-23,30084.5390625,54.0,7115,-0.5058339052848319,9.24810606060606,43,-0.568077155788
2023-07-24,29176.916015625,55.0,8451,-0.559040590405904,10.304245283018869,43,-0.543738491342
2023-07-25,29227.390625,50.0,8029,-0.6124343964473153,9.835870497427102,42,-0.517613037184
2023-07-26,29354.97265625,51.0,8066,-0.570509648688768,9.679745568896513,42,-0.49438797163
2023-07-27,29210.689453125,51.0,8129,-0.4861932938856015,9.367495711835334,43,-0.469715106729
2023-07-28,29319.24609375,52.0,7546,-0.5398138572905895,9.523620640365923,43,-0.443113847831
2023-07-29,29356.91796875,52.0,7911,-0.3841145833333333,8.899120926243567,42,-0.420739078632
2023-07-30,29275.30859375,52.0,6825,-0.4566395663956639,8.58687106918239,43,-0.392471243665
2023-07-31,29230.111328125,50.0,7961,-0.5419771485345256,10.18269865727493,42,-0.363709383988
2023-08-01,29675.732421875,53.0,8439,-0.5006119951040392,10.352410301562845,43,-0.337692568565
2023-08-02,29151.958984375,53.0,7588,-0.5060116798351082,10.691833590138677,42,-0.30657314662
2023-08-03,29178.6796875,52.0,8302,-0.6383243467440896,9.503852080123266,42,-0.277403482122
2023-08-04,29074.091796875,54.0,7189,-0.5792230467044959,10.52212194585076,42,-0.254705197788
2023-08-05,29042.126953125,50.0,6985,-0.471345029239766,9.673563724411183,42,-0.217279870226
2023-08-06,29041.85546875,49.0,6621,-0.4970607446113651,9.164428791547437,43,-0.180790602966
2023-08-07,29180.578125,49.0,7973,-0.4682539682539682,10.936972631887883,43,-0.1059534093
2023-08-08,29765.4921875,54.0,6962,-0.5465549348230913,11.879815100154085,43,1.331151380802
2023-08-09,29561.494140625,50.0,7354,-0.440110142267095,11.691246606500844,42,1.20210660634
2023-08-10,29429.591796875,53.0,8137,-0.4863049095607235,11.314109619194364,42,0.916607451046
2023-08-11,29397.71484375,51.0,7715,-0.4222903885480573,11.314109619194364,42,0.76264421539
2023-08-12,29415.96484375,54.0,6737,-0.5943877551020408,10.371267150928167,42,-0.090545784524
2023-08-13,29282.9140625,54.0,6828,-0.5607798165137615,10.371267150928167,42,0.675834403663
2023-08-14,29408.443359375,50.0,7907,-0.463458110516934,8.508978675645341,42,2.309563140122
2023-08-15,29170.34765625,53.0,8705,-0.5100548446069469,8.508978675645341,42,0.702819111153
2023-08-16,28701.779296875,52.0,8613,-0.4970760233918128,8.508978675645341,42,0.834070886902
2023-08-17,26664.55078125,50.0,10431,-0.3833810888252149,10.672278338945004,42,-0.015721029012
2023-08-18,26049.556640625,37.0,14452,-0.3699705593719333,14.421997755331088,42,-0.547122097765
2023-08-19,26096.205078125,39.0,11923,-0.3848202396804261,10.38383838383838,43,0.249393211415
2023-08-20,26189.583984375,37.0,8534,0.4175796178343949,9.085858585858585,42,-0.35299917069
2023-08-21,26124.140625,38.0,10202,-0.4752160072760346,11.047511312217194,42,0.920496993155
2023-08-22,26031.65625,37.0,9424,-0.1691331923890063,11.549670917317972,43,0.834577892415
2023-08-23,26431.640625,37.0,7886,-0.5528523489932886,11.38228438228438,42,1.002834610415
2023-08-24,26162.373046875,41.0,7239,-0.525668222316504,10.712738242150008,42,1.014753963464
2023-08-25,26047.66796875,39.0,9975,-0.5055165496489469,10.210578637049226,42,0.781709012204
2023-08-26,26008.462890625,38.0,9797,-0.4318181818181818,9.541032496914848,42,0.205962186873
2023-08-27,26089.693359375,38.0,10263,-0.3892445582586428,9.541032496914848,42,0.188708416643
2023-08-28,26106.150390625,39.0,10021,-0.4602239245727755,8.754587639738451,41,0.390636661786
2023-08-29,27727.392578125,39.0,10597,-0.515959595959596,10.904837235463686,42,2.004190883202
2023-08-30,27297.265625,49.0,8961,-0.3253012048192771,10.444069464951134,42,1.523023926922
2023-08-31,25931.47265625,52.0,8512,-0.4840122645641699,9.829712437601067,42,1.353130167301
2023-09-01,25800.724609375,40.0,7873,-0.3668723303274798,9.676123180763552,43,0.688744073822
2023-09-02,25868.798828125,39.0,7441,-0.3797559224694903,8.447409126063418,42,-0.472304253357
2023-09-03,25969.56640625,40.0,6828,-0.3123659756969263,8.140230612388384,41,-0.266776465901
2023-09-04,25812.416015625,40.0,8372,-0.2989064398541919,9.102205938477978,41,0.738761272303
2023-09-05,25779.982421875,40.0,7736,-0.3434757167934464,8.945271353331806,42,1.559826097368
2023-09-06,25753.236328125,42.0,7626,-0.4232804232804232,9.416075108770322,42,1.850811746588
2023-09-07,26240.1953125,41.0,8210,-0.4298331697742885,9.102205938477978,42,1.262655344092
2023-09-08,25905.654296875,46.0,13903,-0.4139100932994062,8.945271353331806,42,1.013950631259
2023-09-09,25895.677734375,41.0,14530,-0.4879425346331452,8.47446759789329,43,-0.421204503048
2023-09-10,25832.2265625,40.0,10139,-0.4569767441860465,8.317533012747118,43,-0.54354764879
2023-09-11,25162.654296875,40.0,10901,-0.3991803278688524,9.523002041136754,42,0.409361955007
2023-09-12,25833.34375,30.0,10465,-0.5783132530120482,9.68440885539331,42,1.365249271969
2023-09-13,26228.32421875,41.0,10244,-0.4706568208317139,9.3615952268802,42,0.410876402076
2023-09-14,26539.673828125,45.0,12805,-0.5533910533910534,8.554561155597424,42,0.076809150414
2023-09-15,26608.693359375,45.0,10112,-0.4314115308151093,8.877374784110534,45,0.678826497637
2023-09-16,26568.28125,43.0,8516,-0.3479883865615927,8.231747527084314,43,-0.53465946038
2023-09-17,26534.1875,46.0,7246,-0.2496894409937888,8.07034071282776,42,-0.498083218405
2023-09-18,26754.28125,46.0,10545,-0.6496956281128943,9.376196172248804,49,2.029467751962
2023-09-19,27211.1171875,46.0,10226,-0.512937595129376,8.761363636363637,43,0.619172354491
2023-09-20,27132.0078125,47.0,10220,-0.4455852156057495,8.91507177033493,42,0.16265655158
2023-09-21,26567.6328125,47.0,12075,-0.4883423826253593,8.453947368421053,42,0.147293790128
2023-09-22,26579.568359375,43.0,10897,-0.4179546201907267,8.146531100478468,43,0.316369235089
2023-09-23,26579.390625,47.0,11341,-0.3267561168113654,7.531698564593301,42,-0.790627673253
2023-09-24,26256.826171875,44.0,8804,-0.6574525745257452,7.224282296650718,42,-0.124722889051
2023-09-25,26298.48046875,47.0,9270,-0.6275808336579665,10.110776351410356,42,0.953969683506
2023-09-26,26217.25,46.0,9393,-0.6977624784853701,9.920006986289406,43,0.284480358143
2023-09-27,26352.716796875,44.0,10193,-0.5818505338078291,9.729237621168457,42,0.960032900172
2023-09-28,27021.546875,46.0,9461,-0.378941742383752,10.110776351410356,43,0.31170370457
2023-09-29,26911.720703125,48.0,9178,-0.1773347324239244,10.110776351410356,43,0.423552920283
2023-09-30,26967.916015625,47.0,7806,-0.0453053184504267,8.966160160684657,42,-0.868217168264
2023-10-01,27983.75,48.0,9423,-0.1691516709511568,7.249235874596106,43,-0.321772986046
2023-10-02,27530.78515625,50.0,9831,-0.471039776692254,9.946475625823451,43,1.61403301724
2023-10-03,27429.978515625,50.0,7833,-0.4300111982082866,8.46508563899868,40,0.358585876222
2023-10-04,27799.39453125,49.0,8937,-0.5380689068481497,8.253458498023713,40,1.01630318345
2023-10-05,27415.912109375,48.0,7711,-0.3163659793814433,8.041831357048746,40,1.28906385032
2023-10-06,27946.59765625,50.0,8239,-0.377670572019297,8.46508563899868,40,0.633302102237
2023-10-07,27968.83984375,49.0,8517,-0.4188824662813102,7.406949934123845,40,-0.653147955354
2023-10-08,27935.08984375,50.0,7405,-0.4926108374384236,7.83020421607378,40,-1.363577143866
2023-10-09,27583.677734375,50.0,8141,-0.1227099896301417,10.461329715061057,40,0.69640735989
2023-10-10,27391.01953125,50.0,9326,-0.5285806037251124,10.461329715061057,40,0.461210360052
2023-10-11,26873.3203125,47.0,8974,-0.1610352264557872,10.199796472184532,40,0.602831397211
2023-10-12,26756.798828125,45.0,8954,-0.2571726656233698,10.199796472184532,40,0.144134816179
2023-10-13,26862.375,44.0,7877,-0.281995661605206,10.199796472184532,40,0.005392135831
2023-10-14,26861.70703125,47.0,7935,-0.614064462118041,9.153663500678425,40,-0.973084907567
2023-10-15,27159.65234375,45.0,9337,0.0322295805739514,9.415196743554953,40,-0.75272241128
2023-10-16,28519.466796875,47.0,11986,-0.4509090909090909,15.802704963747908,40,2.500634230594
2023-10-17,28415.748046875,52.0,9571,-0.6115819209039548,14.835192414947011,40,0.158603139566
2023-10-18,28328.341796875,50.0,9903,-0.5053435114503817,14.512688232013383,40,-0.312241874172
2023-10-19,28719.806640625,52.0,10592,-0.4313648807195933,13.86767986614612,40,-0.157223726761
2023-10-20,29682.94921875,53.0,11894,-0.0774625438316863,16.44771332961517,40,1.28895161117
2023-10-21,29918.412109375,63.0,9521,0.1908755451190875,15.480200780814275,40,-0.548370308231
2023-10-22,29993.896484375,53.0,10003,0.1386281588447653,14.190184049079754,40,-0.914451750499
2023-10-23,33086.234375,53.0,13801,-0.1020137198495242,11.248213576816196,40,4.136163596875
2023-10-24,33901.52734375,66.0,23112,-0.2198813663325833,17.854307264787607,40,2.62916168596
2023-10-25,34502.8203125,72.0,17483,-0.1073446327683615,13.569273521238584,40,0.103804841474
2023-10-26,34156.6484375,71.0,13064,-0.1162627327010888,11.605299722111946,40,-0.767443381486
2023-10-27,33909.80078125,70.0,10583,-0.3361901051811453,9.99841206828106,40,-0.6597101775
2023-10-28,34089.57421875,65.0,8755,-0.5419760137064534,8.927153632393804,40,-1.875379619022
2023-10-29,34538.48046875,72.0,8879,-0.5021418372203712,8.570067487098054,40,-1.424577068449
2023-10-30,34502.36328125,68.0,9426,-0.4888366627497062,13.27717879604672,40,-0.17012144409
2023-10-31,34667.78125,66.0,10493,-0.4020876826722338,12.55296904353508,40,0.995692975993
2023-11-01,35437.25390625,66.0,8845,-0.443952802359882,12.794372294372296,40,1.322460086595
2023-11-02,34938.2421875,72.0,8808,-0.5838150289017341,14.24279179939557,40,0.098359364322
2023-11-03,34732.32421875,65.0,10987,-0.5982274741506647,13.518582046883932,40,-1.096820192362
2023-11-04,35082.1953125,68.0,9167,-0.5558139534883721,11.345952789349017,40,-1.684772298528
2023-11-05,35049.35546875,70.0,9731,-0.3544590312358533,11.828759291023442,40,-1.120916096314
2023-11-06,35037.37109375,74.0,10091,-0.4266211604095563,10.681629260182875,40,-0.430373054323
2023-11-07,35443.5625,68.0,8567,0.0224422442244224,11.536159600997504,40,-0.47583150614
2023-11-08,35655.27734375,66.0,10482,-0.2431767887878042,11.10889443059019,40,-1.926642438096
2023-11-09,36693.125,69.0,11099,-0.5840757238307349,15.16791354945968,40,1.226642651927
2023-11-10,37313.96875,70.0,10744,-0.4795956570572819,13.886118038237742,40,0.151593965064
2023-11-11,37138.05078125,70.0,7793,-0.5826851538721677,11.96342477140482,40,-1.457393058077
2023-11-12,37054.51953125,73.0,9438,-0.5588048315321043,11.322527015793847,40,-1.360772779267
2023-11-13,36502.35546875,72.0,14077,-0.2697343808454919,12.09005376344086,40,-0.765624176715
2023-11-14,35537.640625,69.0,10005,-0.1745835903763109,12.749511241446726,40,0.939227151917
2023-11-15,37880.58203125,60.0,9723,-0.5241567912488605,12.749511241446726,40,1.157735468572
2023-11-16,36154.76953125,70.0,9728,-0.5079758950726693,12.30987292277615,40,0.755285898949
2023-11-17,36596.68359375,63.0,9738,-0.6027139087825104,11.210777126099703,40,0.56408941826
2023-11-18,36585.703125,69.0,10001,-0.3787810383747178,10.55131964809384,40,-1.177497400093
2023-11-19,37386.546875,66.0,8585,-0.460832745236415,10.111681329423265,40,-0.88583522687
2023-11-20,37476.95703125,69.0,10195,-0.251170046801872,12.312370867768593,40,2.660938870914
2023-11-21,35813.8125,71.0,11338,0.0121640735502121,12.080061983471072,40,1.324481124335
2023-11-22,37432.33984375,62.0,13564,0.2218416280475519,12.544679752066116,40,0.381667631136
2023-11-23,37289.62109375,66.0,11676,-0.0275689223057644,11.38313533057851,40,-0.251107781454
2023-11-24,37720.28125,66.0,11126,-0.1203445654927793,12.080061983471072,40,1.168776007346
2023-11-25,37796.79296875,73.0,10452,-0.0284521012790394,10.918517561983473,40,-0.771856015163
2023-11-26,37479.12109375,73.0,8517,0.0272071071626873,10.45389979338843,40,-1.349950215918
2023-11-27,37254.16796875,66.0,9159,0.0237068965517241,16.41411279938192,40,-0.572358000685
2023-11-28,37831.0859375,68.0,10708,0.0491803278688524,16.41411279938192,40,-1.168230787625
2023-11-29,37858.4921875,72.0,10440,-0.0511590727418065,17.09803416602283,40,0.034144275589
2023-11-30,37712.74609375,74.0,9742,0.0187471422039323,16.07215211606146,40,-0.69324628276
2023-12-01,38688.75,71.0,8970,0.1172796668979875,17.781955532663744,40,0.868545386594
2023-12-02,39476.33203125,74.0,10854,0.2080856123662307,18.1239162159842,40,-0.883987150432
2023-12-03,39978.390625,73.0,12723,0.0625,18.807837582625115,40,-0.733373716801
2023-12-04,41980.09765625,74.0,17491,-0.1725543478260869,16.945847362514023,40,3.654959156394
2023-12-05,44080.6484375,75.0,16988,-0.1069182389937107,16.044472502805835,40,1.243100127703
2023-12-06,43746.4453125,72.0,17278,-0.2321907600596125,16.044472502805835,40,-0.601671779615
2023-12-07,43292.6640625,72.0,15453,-0.2113495816660603,13.160072951739618,40,0.422251257242
2023-12-08,44166.6015625,72.0,13692,-0.1729264475743349,12.79952300785634,40,0.389181823116
2023-12-09,43725.984375,73.0,11211,-0.0455159981973862,11.717873176206508,40,-0.959938436003
2023-12-10,43779.69921875,74.0,9901,0.0274261603375527,10.636223344556676,40,-1.300693610021
2023-12-11,41243.83203125,74.0,11408,-0.1387696709585121,16.558693733451015,40,-0.696676994759
2023-12-12,41450.22265625,67.0,9584,-0.3464813984760197,13.83671668137688,40,-0.745365355349
2023-12-13,42890.7421875,65.0,7395,-0.3648449039881831,12.929390997352163,40,0.22204745968
2023-12-14,43023.97265625,72.0,7231,-0.1869758263443512,13.83671668137688,40,0.16684914093
2023-12-15,41929.7578125,70.0,7125,-0.3527027027027027,12.702559576345983,40,-0.391415988035
2023-12-16,42240.1171875,67.0,6283,-0.3285714285714285,12.248896734333629,40,-1.41490788263
2023-12-17,41364.6640625,73.0,7493,-0.2058823529411764,11.341571050308916,40,-1.587476210458
2023-12-18,42623.5390625,65.0,7698,-0.4076335877862595,14.284203420342036,40,-0.640569658516
2023-12-19,42270.52734375,73.0,10934,-0.0040816326530612,14.785403540354034,40,0.01768044664
2023-12-20,43652.25,74.0,11146,-0.1946257197696737,15.036003600360036,40,-0.017138948392
2023-12-21,43869.15234375,70.0,10539,-0.4318952981095492,15.28660366036604,40,-0.633849984423
2023-12-22,43997.90234375,74.0,7377,-0.2934362934362934,14.785403540354034,40,-0.367849383196
2023-12-23,43739.54296875,70.0,10966,-0.2658662092624357,13.783003300330035,40,-0.80986776764
2023-12-24,43016.1171875,71.0,10020,-0.1881028938906752,13.281803180318033,40,-0.953084948504
2023-12-25,43613.140625,73.0,11412,-0.2870608397600686,15.465077127867824,40,-0.810124394589
2023-12-26,42520.40234375,71.0,10432,-0.4281629735525375,17.21584057630569,40,-0.452307726037
2023-12-27,43442.85546875,73.0,8657,-0.382219338092148,16.924046668232712,40,0.22257344503
2023-12-28,42627.85546875,73.0,6971,-0.1977591036414565,17.507634484378666,40,-0.447809531847
2023-12-29,42099.40234375,65.0,7432,-0.2747621712367096,16.924046668232712,40,-0.132313315498
2023-12-30,42156.90234375,68.0,7178,-0.0257731958762886,15.173283219794843,40,-0.85123661285
2023-12-31,42265.1875,67.0,6447,-0.2188468691878487,13.714313679429956,40,-0.967907598045
2024-01-01,44167.33203125,65.0,10488,-0.3766434648105182,18.62318840579709,40,-0.417088633998
2024-01-02,44957.96875,71.0,14925,-0.4886260236578708,29.176328502415465,40,0.804895169652
2024-01-03,42848.17578125,70.0,25065,-0.3564742589703588,30.417874396135257,49,2.511877919484
2024-01-04,44179.921875,68.0,14024,-0.5085714285714286,24.83091787439613,61,1.002027386343
2024-01-05,44162.69140625,72.0,10403,-0.5192118226600986,26.07246376811593,57,0.372210042763
2024-01-06,43989.1953125,70.0,11916,-0.4982373678025852,21.10628019323672,55,-0.612554806987
2024-01-07,43943.09765625,71.0,11511,-0.5997638724911453,21.10628019323672,74,-0.476058830464
2024-01-08,46970.50390625,71.0,16561,-0.5663994423143952,11.527602760276029,78,3.013278981932
2024-01-09,46139.73046875,76.0,14880,-0.5407303370786517,13.783003300330035,82,3.976357746846
2024-01-10,46627.77734375,73.0,15535,-0.4601027860427373,20.048004800480047,77,4.668351379166
2024-01-11,46368.5859375,76.0,25628,-0.3588216859918521,21.80220522052205,89,4.65414317331
2024-01-12,42853.16796875,71.0,24325,-0.4144357844798373,14.284203420342036,70,0.631810637474
2024-01-13,42842.3828125,64.0,17983,-0.4245216158752657,10.525202520252025,82,-0.762856524843
2024-01-14,41796.26953125,60.0,14364,-0.4012400354295837,9.272202220222022,72,-0.908319221254
2024-01-15,42511.96875,52.0,17540,-0.3273427471116816,14.407575757575756,77,-0.190647692702
2024-01-16,43154.9453125,64.0,15929,-0.3767281105990783,14.01818181818182,72,0.049630341324
2024-01-17,42742.65234375,60.0,15056,-0.3970080552359033,12.85,79,-0.428056502196
2024-01-18,41262.05859375,63.0,11673,-0.4783092324805339,12.85,79,-0.059376641804
2024-01-19,41618.40625,51.0,16299,-0.4338164251207729,13.62878787878788,75,-0.580155122054
2024-01-20,41665.5859375,52.0,14068,-0.3277310924369748,11.29242424242424,81,-0.517470443031
2024-01-21,41545.78515625,56.0,11331,-0.3635382955771305,10.513636363636362,73,-0.407523360525
2024-01-22,39507.3671875,55.0,12629,-0.565856416054268,12.489994282447112,78,-0.322941543862
2024-01-23,39845.55078125,50.0,11902,-0.5051546391752577,13.592052601486564,78,0.067753881732
2024-01-24,40077.07421875,48.0,10266,-0.5465549348230913,12.122641509433963,78,-0.066546318328
2024-01-25,39933.80859375,52.0,8977,-0.5038759689922481,11.020583190394513,78,0.101134315044
2024-01-26,41816.87109375,49.0,9139,-0.362962962962963,11.020583190394513,81,0.300413859973
2024-01-27,42120.0546875,55.0,9129,-0.1349644830307813,9.18381932532876,82,-0.428348299752
2024-01-28,42035.59375,54.0,8001,-0.2921615201900237,8.449113779302458,81,-0.518200070252
2024-01-29,43288.24609375,55.0,9368,-0.3465116279069767,12.149090909090908,82,0.110106319328
2024-01-30,42952.609375,61.0,12448,-0.3501683501683502,13.08363636363636,79,0.103528231808
2024-01-31,42582.60546875,60.0,10397,-0.3695150115473441,12.149090909090908,75,-0.195055582862
2024-02-01,43075.7734375,63.0,9195,-0.5051546391752577,11.214545454545451,83,-0.068241049351
2024-02-02,43185.859375,63.0,8948,-0.3222293401665599,11.68181818181818,68,-0.338879654594
2024-02-03,42992.25,60.0,9213,-0.2771996215704825,10.747272727272726,67,-0.629607967656
2024-02-04,42583.58203125,60.0,9793,-0.2559923298178331,10.747272727272726,75,-0.669837949111
2024-02-05,42658.66796875,60.0,10561,-0.3408338848444738,14.45173383317713,64,0.088391513476
2024-02-06,43084.671875,64.0,13451,-0.4349206349206349,14.45173383317713,64,-0.270308734614
2024-02-07,44318.22265625,62.0,10220,-0.448225923244026,14.45173383317713,63,-0.448034889611
2024-02-08,45301.56640625,66.0,12301,-0.4593329432416618,17.46251171508903,69,-0.11130428395
2024-02-09,47147.19921875,72.0,12496,-0.5268006700167505,21.075445173383315,69,0.742600805029
2024-02-10,47771.27734375,74.0,12392,-0.5974382433668801,16.860356138706653,70,-0.533846149262
2024-02-11,48293.91796875,71.0,13241,-0.6848428835489834,18.06466729147141,65,-0.617477876429
2024-02-12,49958.22265625,70.0,12541,-0.5542435424354244,13.449178128144917,70,1.64312505236
2024-02-13,49742.44140625,79.0,16594,-0.4929164631167562,14.828581013082854,73,0.301373407987
2024-02-14,51826.6953125,74.0,14182,-0.5212452671434581,15.518282455551825,64,0.726081667041
2024-02-15,51938.5546875,72.0,15447,-0.4143920595533499,15.518282455551825,63,0.108020577114
2024-02-16,52160.203125,72.0,12298,-0.451307735114079,12.41462596444146,67,-0.245781393876
2024-02-17,51662.99609375,76.0,9841,-0.5405599425699928,11.03522307950352,71,-0.675937151622
2024-02-18,52122.546875,72.0,12392,-0.4217821782178217,10.690372358269034,69,-0.82796369792
2024-02-19,51779.14453125,75.0,13961,-0.460370994940978,26.669811320754715,72,-0.484962577542
2024-02-20,52284.875,72.0,16060,-0.5456595264937993,27.47798742138365,69,-0.375691222951
2024-02-21,51839.1796875,78.0,15397,-0.5104052573932092,25.861635220125784,69,-0.317435147671
2024-02-22,51304.97265625,74.0,16573,-0.1673773987206823,24.245283018867923,66,-0.338439800775
2024-02-23,50731.94921875,76.0,16256,0.0206728820429671,22.628930817610065,68,-0.045245657234
2024-02-24,51571.1015625,72.0,13084,0.1142721669037458,21.82075471698113,67,-0.613969748945
2024-02-25,51733.23828125,74.0,12721,0.1906236178681999,22.628930817610065,64,-0.619799815356
2024-02-26,54522.40234375,72.0,16865,-0.3015873015873015,17.56415215989684,69,0.78044536504
2024-02-27,57085.37109375,79.0,22103,-0.4919976289270895,28.29780070205602,76,1.841596324902
2024-02-28,62504.7890625,82.0,30376,-0.6857517482517482,44.39827351529478,72,1.396695591275
2024-02-29,61198.3828125,80.0,22194,-0.3880452342487884,40.49512859087327,69,-0.07428808144
2024-03-01,62440.6328125,80.0,16792,-0.3917340521114106,30.24937316426678,68,0.038261687073
2024-03-02,62029.84765625,80.0,15853,-0.4469357249626308,23.41886954652912,73,-0.503468089306
2024-03-03,63167.37109375,83.0,14950,-0.5685320356853204,21.95519019987105,71,-0.916708633865
2024-03-04,68330.4140625,82.0,22054,-0.6828222881635344,32.57336854017351,76,3.212853445616
2024-03-05,63801.19921875,90.0,22789,-0.6749136939010357,38.77781969068276,73,0.625681641958
2024-03-06,66106.8046875,75.0,25849,-0.6141078838174274,28.30780837419841,69,-0.083849001698
2024-03-07,66925.484375,82.0,24947,-0.523716381418093,22.878913617502825,66,-0.331882919108
2024-03-08,68300.09375,81.0,23389,-0.5481481481481482,23.654470011316487,71,0.972091384667
2024-03-09,68498.8828125,84.0,21797,-0.4883370955605718,20.55224443606186,73,-0.357555091008
2024-03-10,69019.7890625,79.0,20491,-0.5117540687160941,20.16446623915504,72,-0.358485040712
2024-03-11,72123.90625,82.0,29936,-0.6431424766977364,27.96556473829201,74,2.67452415987
2024-03-12,71481.2890625,81.0,26506,-0.5596330275229358,24.42561983471074,72,0.773593651815
2024-03-13,73083.5,81.0,21398,-0.579666809055959,23.71763085399449,71,0.535931727706
2024-03-14,71396.59375,88.0,16622,-0.632688927943761,21.2396694214876,73,-0.864828370462
2024-03-15,69403.7734375,83.0,14167,-0.6771752837326608,23.00964187327824,74,-0.964851391358
2024-03-16,65315.1171875,81.0,11915,-0.5811584977721197,17.699724517906333,69,-0.828099929746
2024-03-17,68390.625,79.0,18972,-0.5803144224196856,17.699724517906333,68,-0.68631766906
2024-03-18,67548.59375,77.0,18362,-0.6072210065645515,19.245262422495856,71,0.16578122869
2024-03-19,61912.7734375,79.0,22023,-0.5886970172684458,24.35114837132128,72,0.288057208533
2024-03-20,67913.671875,74.0,15334,-0.3997569866342649,23.958387913719324,70,0.095047138357
2024-03-21,65491.390625,78.0,12936,-0.4303030303030303,19.638022880097807,69,-0.32688352063
2024-03-22,63778.76171875,75.0,13418,-0.5336134453781513,17.674220592088027,71,0.026393783249
2024-03-23,64062.203125,73.0,11183,-0.3358954650269024,15.710418304078244,69,-0.655052651317
2024-03-24,67234.171875,74.0,11233,-0.4207562349155269,15.710418304078244,68,-0.540279875415
2024-03-25,69958.8125,75.0,16420,-0.4771134020618556,19.923359811709325,72,0.102923758903
2024-03-26,69987.8359375,81.0,15827,-0.4860284012826386,18.75139746984407,71,0.324391093848
2024-03-27,69455.34375,83.0,12698,-0.4295081967213114,17.970089241933902,67,0.188550825248
2024-03-28,70744.953125,80.0,13276,-0.3647859922178988,17.970089241933902,74,0.421796788933
2024-03-29,69892.828125,79.0,10671,-0.4195075757575757,17.18878101402373,70,-0.006084818623
2024-03-30,69645.3046875,75.0,9322,-0.3719433719433719,14.454202216338135,70,-0.926765718176
2024-03-31,71333.6484375,75.0,9018,-0.4607218683651805,14.454202216338135,68,-0.817381950246
2024-04-01,69702.1484375,79.0,10145,-0.5520885757423251,19.523480662983424,73,0.065166944039
2024-04-02,65446.97265625,79.0,9407,-0.6097770154373928,22.363259668508285,56,-0.243891475129
2024-04-03,65980.8125,71.0,9481,-0.4848016486347243,19.523480662983424,70,-0.267699037397
2024-04-04,68508.84375,70.0,15294,-0.4810183117463153,18.81353591160221,71,0.20614886697
2024-04-05,67837.640625,79.0,9888,-0.4779938587512794,17.748618784530386,72,-0.149085956496
2024-04-06,68896.109375,75.0,8983,-0.4775397373876986,15.26381215469613,44,-0.589574573498
2024-04-07,69362.5546875,78.0,8299,-0.5247232472324723,15.26381215469613,61,-0.620011253558
2024-04-08,71631.359375,76.0,8982,-0.4810572687224669,24.119741100323623,73,0.868012158915
2024-04-09,69139.015625,80.0,8225,-0.5835995740149095,22.040453074433657,44,0.147556703851
2024-04-10,70587.8828125,78.0,8007,-0.6395242451967064,22.040453074433657,49,-0.039266348651
2024-04-11,70060.609375,76.0,8438,-0.5629304946775203,22.040453074433657,72,0.19522021228
2024-04-12,67195.8671875,79.0,11951,-0.5142413257379596,23.70388349514563,54,-0.139122448253
2024-04-13,63821.47265625,72.0,11208,-0.6195856873822976,27.030744336569573,70,-1.328618328573
2024-04-14,65738.7265625,72.0,10613,-0.6233463035019455,30.357605177993523,57,-1.670421775752
2024-04-15,63426.2109375,74.0,9767,-0.4719334719334719,14.101129639591178,71,0.179564391828
2024-04-16,63811.86328125,65.0,9897,-0.609051516610496,12.85691231845078,44,0.603466595686
2024-04-17,61276.69140625,67.0,9282,-0.5979037636969986,13.06428187197418,45,0.407092703763
2024-04-18,63512.75390625,57.0,10715,-0.5989110707803993,13.893760086067775,71,0.571602194623
2024-04-19,63843.5703125,66.0,10970,-0.5334153341533415,20.73695535233997,74,2.471765176137
2024-04-20,64994.44140625,66.0,16364,-0.3891170431211499,19.49273803119957,61,1.779173590256
2024-04-21,64926.64453125,72.0,14123,-0.4234654234654235,10.990586336740185,43,-1.012533228208
2024-04-22,66837.6796875,73.0,12984,-0.3341162654139753,19.406688241639696,72,-0.047602191393
2024-04-23,66407.2734375,71.0,11327,-0.4504918032786885,16.93674610179464,57,-0.343393308892
2024-04-24,64276.8984375,72.0,37086,-0.4455219623502567,16.58389722467392,72,-0.266911359938
2024-04-25,64481.70703125,72.0,23943,-0.5930548019533369,15.525350593311757,43,-0.166533204039
2024-04-26,63755.3203125,70.0,10658,-0.5808917197452229,14.466803961949587,44,-0.248513739299
2024-04-27,63419.140625,67.0,9397,-0.5285815102328864,13.055408453466702,43,-0.956350935736
2024-04-28,63113.23046875,65.0,8970,-0.5264957264957265,13.055408453466702,72,-0.748126916224
2024-04-29,63841.12109375,67.0,9369,-0.5859728506787331,10.60887512899897,45,-0.048235419476
2024-04-30,60636.85546875,67.0,12329,-0.5505925250683683,12.995872033023732,72,0.006275626868
2024-05-01,58254.01171875,54.0,9283,-0.4633540372670807,15.91331269349845,47,-0.170563448543
2024-05-02,59123.43359375,43.0,7926,-0.4858223062381852,13.261093911248706,71,0.180146888031
2024-05-03,62889.8359375,48.0,7372,-0.5937318630295996,11.934984520123836,71,0.121364087672
2024-05-04,63891.47265625,67.0,8377,-0.554904831625183,10.87409700722394,72,-0.921681031784
2024-05-05,64031.1328125,69.0,10191,-0.5143160127253447,10.078431372549018,63,-0.993317213423
2024-05-06,63161.94921875,71.0,9902,-0.5650510204081632,13.89189189189189,45,0.107644353091
2024-05-07,62334.81640625,68.0,8439,-0.4698646986469865,12.899613899613898,62,-0.168377420333
2024-05-08,61187.94140625,64.0,8185,-0.5145018915510718,12.56885456885457,70,-0.184634680274
2024-05-09,63049.9609375,55.0,7734,-0.4103065883887801,11.576576576576574,72,0.119304894046
2024-05-10,60792.77734375,66.0,6567,-0.4624926166568222,12.56885456885457,69,-0.249515735541
2024-05-11,60793.7109375,53.0,5112,-0.3444055944055944,11.576576576576574,71,-0.847845456252
2024-05-12,61448.39453125,56.0,5792,-0.4020618556701031,10.584298584298583,71,-1.216848674147
2024-05-13,62901.44921875,57.0,7391,-0.5198511166253101,13.048370497427102,75,0.290757453026
2024-05-14,61552.7890625,66.0,8173,-0.3725247524752475,12.695711835334478,69,-0.04267957318
2024-05-15,66267.4921875,64.0,7415,-0.4621513944223107,14.106346483704971,73,1.797638961086
2024-05-16,65231.58203125,70.0,7425,-0.472127417519909,14.811663807890223,70,1.014156048527
2024-05-17,67051.875,74.0,8140,-0.4277423099245502,14.106346483704971,72,-0.561696998312
2024-05-18,66940.8046875,73.0,7827,-0.5980471928397071,13.048370497427102,47,-1.347279122474
2024-05-19,66278.3671875,72.0,6857,-0.4063848144952545,11.637735849056604,69,-1.427645787667
2024-05-20,71448.1953125,70.0,7219,-0.5581151832460733,11.476874003189792,46,0.054605145525
2024-05-21,70136.53125,76.0,9233,-0.5417819590481461,13.93620414673046,53,0.464220633845
2024-05-22,69122.3359375,76.0,9822,-0.3115661317100166,12.569909622541198,64,1.896279679125
2024-05-23,67929.5625,76.0,8428,-0.4240506329113924,10.930356193514086,60,-0.246263121799
2024-05-24,68526.1015625,74.0,7950,-0.3829287392325763,10.930356193514086,72,-0.677771273712
2024-05-25,69265.9453125,76.0,6147,-0.4506242905788876,9.017543859649122,71,-1.17904935702
2024-05-26,68518.09375,75.0,6596,-0.4269406392694064,9.017543859649122,71,-0.849133898539
2024-05-27,69394.5546875,74.0,6812,-0.3852459016393442,12.634412797502923,71,-0.528486524832
2024-05-28,68296.21875,72.0,7418,-0.546875,12.985368708544671,43,-0.560754811448
2024-05-29,67578.09375,72.0,7752,-0.462381300219138,12.283456886461174,61,-1.023722290499
2024-05-30,68364.9921875,73.0,7135,-0.4900221729490022,11.932500975419432,60,-0.911282323965
2024-05-31,67491.4140625,73.0,6669,-0.5851648351648352,11.58154506437768,73,-0.946352480124
2024-06-01,67706.9375,72.0,6100,-0.5080645161290323,9.826765509168942,73,-1.282518433449
2024-06-02,67751.6015625,73.0,6723,-0.5382685069008782,10.528677331252435,69,-1.220073638656
2024-06-03,68804.78125,73.0,7261,-0.5654450261780105,10.56495184402161,44,-0.323489492979
2024-06-04,70567.765625,73.0,7241,-0.5855737704918033,10.866807610993655,70,-0.473877391252
2024-06-05,71082.8203125,75.0,9261,-0.5502450980392157,12.677942212825934,71,-0.349290024775
2024-06-06,70757.1640625,78.0,6418,-0.5014005602240896,11.772374911909797,61,-0.747424375782
2024-06-07,69342.5859375,77.0,6258,-0.5466130114017438,12.376086445853888,70,-0.810856681828
2024-06-08,69305.7734375,72.0,5754,-0.5120540019286403,10.263096077049568,69,-1.289861635176
2024-06-09,69647.9921875,75.0,5534,-0.4447058823529412,9.357528776133426,69,-1.231320987129
2024-06-10,69512.28125,72.0,5876,-0.5082482325216026,10.569264069264069,60,-0.808429420549
2024-06-11,67332.03125,74.0,6103,-0.5974698102357677,11.777179962894248,44,-0.767331876164
2024-06-12,68241.1875,72.0,6109,-0.4608593290170689,11.4752009894867,71,-0.33103003233
2024-06-13,66756.3984375,70.0,5785,-0.4529686457638425,10.871243042671612,63,-0.69273485567
2024-06-14,66011.09375,74.0,5727,-0.6225,11.173222016079158,45,-0.719003434172
2024-06-15,66191.0,74.0,19532,-0.5297679112008072,9.059369202226344,59,-0.996380110243
2024-06-16,66639.046875,71.0,12543,-0.4757969303423849,9.059369202226344,45,-1.227762696923
2024-06-17,66490.296875,71.0,8174,-0.5761973875181422,11.307727934365488,67,-0.912208142134
2024-06-18,65140.74609375,74.0,6166,-0.6286472148541115,11.953883816329231,69,-0.577788299212
2024-06-19,64960.296875,64.0,5644,-0.4642563681183237,10.984649993383618,77,-0.828533126821
2024-06-20,64828.65625,60.0,6267,-0.5467836257309941,10.661572052401745,47,-0.854606627446
2024-06-21,64096.19921875,63.0,5843,-0.5751158173395102,10.984649993383618,44,-0.54803051934
2024-06-22,64252.578125,53.0,6117,-0.5347432024169184,9.046182347492392,58,-1.133212719536
2024-06-23,63180.796875,55.0,5257,-0.470281543274244,9.046182347492392,71,-1.300999426333
2024-06-24,60277.4140625,51.0,6473,-0.654434250764526,16.86287561810574,73,-0.655139560642
2024-06-25,61804.640625,30.0,5932,-0.5751995089011663,14.61449220235831,67,-0.36847852339
2024-06-26,60811.27734375,46.0,8703,-0.5863777089783282,12.366108786610877,61,-0.281043133129
2024-06-27,61604.80078125,40.0,5518,-0.5605858854860186,12.740839355902114,70,-0.097406582867
2024-06-28,60320.13671875,47.0,5162,-0.5901060070671378,11.991378217319635,70,-0.843173715304
2024-06-29,60887.37890625,30.0,5044,-0.5235042735042735,10.492455940154684,71,-1.154326042915
2024-06-30,62678.29296875,47.0,5598,-0.5071574642126789,10.492455940154684,44,-1.072947583299
2024-07-01,62851.98046875,53.0,5520,-0.564625850340136,10.339080459770113,72,-0.402401082915
2024-07-02,62029.015625,51.0,6508,-0.5060240963855421,9.600574712643676,70,-0.885559691469
2024-07-03,60173.921875,50.0,7089,-0.6126582278481013,11.077586206896552,72,-0.706869018773
2024-07-04,56977.703125,44.0,5521,-0.6728179551122194,14.031609195402298,71,-0.63239844534
2024-07-05,56662.375,29.0,7201,-0.6949910554561717,17.72413793103448,71,-1.971762330913
2024-07-06,58303.5390625,26.0,5603,-0.5899581589958159,11.816091954022989,66,-0.734739906846
2024-07-07,55849.109375,29.0,6373,-0.6057091882247992,11.077586206896552,70,-1.113321841945
2024-07-08,56705.09765625,28.0,5750,-0.528158295281583,15.525404911180772,70,-0.631330039337
2024-07-09,58009.2265625,27.0,5651,-0.4032946918852959,13.846982758620689,69,-0.58710365824
2024-07-10,57742.49609375,28.0,6163,-0.5539033457249071,13.007771682340646,63,-0.613883808296
2024-07-11,57344.9140625,29.0,7014,-0.6160420775805391,15.105799373040751,70,-0.507527241739
2024-07-12,57899.46484375,25.0,5732,-0.6300813008130082,14.686193834900733,71,-0.797223071569
2024-07-13,59231.953125,25.0,4785,-0.5022381378692927,11.32934952978056,72,-1.003168297008
2024-07-14,60787.79296875,33.0,4853,-0.5867026055705301,13.846982758620689,71,-0.773444368056
2024-07-15,64870.15234375,52.0,5443,-0.620575221238938,13.94281524926686,74,-0.093156006273
2024-07-16,65097.1484375,65.0,5970,-0.548801870251315,15.0733137829912,43,-0.312573752976
2024-07-17,64118.79296875,69.0,6121,-0.5959110042092604,13.189149560117302,71,-0.424181361189
2024-07-18,63974.06640625,61.0,6117,-0.5639204545454546,12.05865102639296,71,-0.525036744886
2024-07-19,66710.15625,60.0,6933,-0.6018457481872116,13.94281524926686,74,-1.021725324561
2024-07-20,67163.6484375,74.0,4932,-0.5425434583714547,12.05865102639296,70,-1.07194384889
2024-07-21,68154.5234375,74.0,5918,-0.5741239892183289,13.189149560117302,72,-1.019428276106
2024-07-22,67585.25,70.0,6936,-0.5862068965517241,12.046874999999998,70,-0.452452394146
2024-07-23,65927.671875,71.0,8388,-0.5544367526746381,12.046874999999998,72,-0.310139030858
2024-07-24,65372.1328125,69.0,6922,-0.4825,11.712239583333332,71,0.294663548751
2024-07-25,65777.2265625,68.0,5890,-0.5262889229198571,12.046874999999998,71,1.281204771069
2024-07-26,67912.0625,68.0,6195,-0.6053661263275573,11.712239583333332,72,1.276596650807
2024-07-27,67813.3359375,72.0,9713,-0.5619158878504673,13.72005208333333,73,4.293052910465
2024-07-28,68255.8671875,71.0,9440,-0.4720394736842105,12.381510416666666,69,0.258015801413
2024-07-29,66819.9140625,74.0,8147,-0.5616438356164384,23.1689393939394,69,0.916804520331
2024-07-30,66201.015625,67.0,7094,-0.5678776290630975,18.75580808080808,68,0.174125206095
2024-07-31,64619.25,61.0,6435,-0.5756272401433692,17.100883838383837,70,1.623383728904
2024-08-01,65357.5,52.0,7690,-0.5961968680089486,17.65252525252525,43,0.610674977054
2024-08-02,61415.06640625,57.0,6154,-0.6291891891891892,18.204166666666666,71,1.23175839204
2024-08-03,60680.09375,37.0,5350,-0.677570093457944,18.204166666666666,70,-0.365666493521
2024-08-04,58116.9765625,34.0,5770,-0.6320687186828919,19.30744949494949,70,0.360066327948
2024-08-05,53991.45703125,26.0,8955,-0.6993256644188814,22.63918252290345,75,-2.439782193908
2024-08-06,56034.31640625,17.0,7921,-0.6724621424565339,12.904334038054966,65,1.238540337121
2024-08-07,55027.4609375,29.0,7581,-0.6188831318364997,10.187632135306552,69,1.508070527332
2024-08-08,61710.13671875,20.0,7011,-0.6427758816837316,9.282064834390416,70,3.565424585078
2024-08-09,60880.11328125,48.0,7089,-0.640924092409241,8.376497533474277,47,1.934446312124
2024-08-10,60945.8125,40.0,5188,-0.469302809573361,7.47093023255814,68,-0.073333559393
2024-08-11,58719.484375,39.0,5517,-0.4627133872416891,7.018146582100069,70,-0.120156433834
2024-08-12,59354.515625,25.0,6356,-0.558291093410572,12.223128142410651,73,1.631144467517
2024-08-13,60609.56640625,31.0,6078,-0.5179063360881543,11.524663677130045,71,2.095006274953
2024-08-14,58737.26953125,30.0,6189,-0.5031847133757962,11.524663677130045,61,2.674555111449
2024-08-15,57560.09765625,29.0,5729,-0.6564647095565271,11.87389590977035,71,0.222777646481
2024-08-16,58894.10546875,27.0,5725,-0.6036144578313253,10.826199211849437,71,1.314061877963
2024-08-17,59478.97265625,25.0,5539,-0.531986531986532,9.778502513928522,71,-0.225538702896
2024-08-18,58483.96484375,31.0,5563,-0.4946808510638298,10.127734746568828,72,0.484867960049
2024-08-19,59493.453125,28.0,6228,-0.5754110078627591,10.2756734006734,71,1.475584844044
2024-08-20,59012.79296875,30.0,6124,-0.6256345177664975,10.960718294051626,71,1.77478530287
2024-08-21,61175.19140625,26.0,5916,-0.6186046511627907,10.61819584736251,70,1.412294964041
2024-08-22,60381.9140625,39.0,5799,-0.5616835994194485,10.2756734006734,72,0.654556118353
2024-08-23,64094.35546875,34.0,6738,-0.6422764227642277,11.988285634118965,71,2.37714243259
2024-08-24,64178.9921875,56.0,5456,-0.5437987857762359,10.2756734006734,68,0.364264683379
2024-08-25,64333.54296875,54.0,5436,-0.4909596662030598,9.590628507295174,71,0.140228300594
2024-08-26,62880.66015625,55.0,6182,-0.5102040816326531,11.68181818181818,72,0.96133796626
2024-08-27,59504.1328125,48.0,6651,-0.5555555555555556,11.68181818181818,69,1.70679616618
2024-08-28,59027.625,30.0,6649,-0.5246504782928624,12.460606060606056,64,0.678964656844
2024-08-29,59388.1796875,29.0,7163,-0.4850498338870432,11.29242424242424,69,0.737081554447
2024-08-30,59119.4765625,34.0,7480,-0.5121591746499632,11.29242424242424,68,0.477597220439
2024-08-31,58969.8984375,29.0,6432,-0.7055084745762712,9.345454545454542,70,-0.490812697161
2024-09-01,57325.48828125,26.0,8400,-0.7492612916842549,10.124242424242423,71,-0.689802079598
2024-09-02,59112.48046875,26.0,7233,-0.7445458151527172,10.216955266955264,71,0.332985591539
2024-09-03,57431.0234375,26.0,6990,-0.7284040995607614,10.216955266955264,69,0.421869926428
2024-09-04,57971.5390625,27.0,8371,-0.7593984962406015,10.92157287157287,71,0.556382375144
2024-09-05,56160.48828125,29.0,6657,-0.772383605252686,9.864646464646466,71,-0.149823343881
2024-09-06,53948.75390625,22.0,6950,-0.7961165048543689,12.330808080808078,70,-0.130033270481
2024-09-07,54139.6875,23.0,7147,-0.7664041994750657,10.569264069264069,70,-0.413207514445
2024-09-08,54841.56640625,29.0,8129,-0.6205059920106525,9.864646464646466,70,-0.278831278393
2024-09-09,57019.53515625,26.0,7254,-0.6241249326871298,12.444548578569195,72,1.443772097038
2024-09-10,57648.7109375,33.0,6634,-0.6611909650924025,10.838800374882847,69,1.330875685772
2024-09-11,57343.171875,37.0,6299,-0.7477768795472919,11.240237425804436,71,1.527138294174
2024-09-12,58127.01171875,31.0,6848,-0.7420546932742055,11.240237425804436,68,0.451530330303
2024-09-13,60571.30078125,32.0,7012,-0.8376670716889429,11.240237425804436,71,2.053301819454
2024-09-14,60005.12109375,50.0,8132,-0.8950182260024301,10.838800374882847,69,-0.414122154364
2024-09-15,59182.8359375,51.0,6423,-0.8961736406354889,10.035926273039674,70,-0.756514066184
2024-09-16,58192.5078125,39.0,6284,-0.6962976884044353,10.105247597930523,71,-0.656879202013
2024-09-17,60308.5390625,33.0,7259,-0.7044764795144158,10.105247597930523,69,0.562719841277
2024-09-18,61649.6796875,45.0,7588,-0.710481263077801,11.548854397634884,69,0.727082389118
2024-09-19,62940.45703125,49.0,7161,-0.6627742392073602,12.270657797487065,73,1.408137282657
2024-09-20,63192.9765625,54.0,6897,-0.818285497053792,11.548854397634884,69,1.82751312075
2024-09-21,63394.83984375,54.0,7377,-0.8893387314439946,9.383444198078344,71,-0.413479306414
2024-09-22,63648.7109375,52.0,7585,-0.8778208342831092,9.022542498152252,71,-0.996472448893
2024-09-23,63329.80078125,50.0,7780,-0.8386840010612895,10.163181818181815,72,1.491516430382
2024-09-24,64301.96875,54.0,7587,-0.8766980146290491,9.81272727272727,70,0.41237207358
2024-09-25,63143.14453125,59.0,7758,-0.8345606283750614,9.462272727272728,72,0.420824676751
2024-09-26,65181.01953125,50.0,8082,-0.8484937116115824,10.86409090909091,68,1.626754588355
2024-09-27,65790.6640625,61.0,7212,-0.7606128311522502,11.214545454545451,68,0.970633577692
2024-09-28,65887.6484375,64.0,7623,-0.6674074074074074,9.462272727272728,69,-1.112485931688
2024-09-29,65635.3046875,63.0,7267,-0.6272682687591957,9.11181818181818,69,-1.106821614006
2024-09-30,63329.5,61.0,9367,-0.7887477313974591,14.537373737373734,71,-0.175773788606
2024-10-01,60837.0078125,50.0,7346,-0.6522935779816513,10.903030303030302,68,0.440580308233
2024-10-02,60632.78515625,42.0,7278,-0.7380710659898477,9.864646464646466,68,-0.36246311578
2024-10-03,60759.40234375,37.0,6989,-0.7269881026925485,8.826262626262626,70,-0.187306505468
2024-10-04,62067.4765625,41.0,8755,-0.701368233194527,9.345454545454546,71,0.216719645313
2024-10-05,62089.94921875,49.0,9164,-0.6398243045387995,8.307070707070705,69,-1.339405640988
2024-10-06,62818.953125,50.0,8100,-0.7205180640763463,8.307070707070705,70,-1.268504961349
2024-10-07,62236.66015625,50.0,8094,-0.741415854175498,10.25720620842572,71,0.671815977331
2024-10-08,62131.96875,49.0,8156,-0.7937140327578575,10.827050997782704,71,-0.057120249576
2024-10-09,60582.1015625,49.0,11138,-0.7710526315789473,11.39689578713969,72,0.27283869688
2024-10-10,60274.5,39.0,8838,-0.7893729056965055,10.25720620842572,64,-0.600140107058
2024-10-11,62445.08984375,32.0,9121,-0.7918637653736992,10.827050997782704,72,-0.083158209716
2024-10-12,63193.0234375,49.0,7562,-0.7870370370370371,8.547671840354768,68,-1.373975785743
2024-10-13,62851.375,50.0,8261,-0.7789535567313345,7.977827050997783,71,-1.548444236189
2024-10-14,66046.125,48.0,8246,-0.7071917808219178,10.982125946969695,73,2.829339747593
2024-10-15,67041.109375,65.0,7727,-0.6907467532467533,10.982125946969695,73,2.842434951156
2024-10-16,67612.71875,73.0,6467,-0.6433260393873085,11.560132575757574,74,2.40620096642
2024-10-17,67399.8359375,71.0,6486,-0.6504854368932039,9.826112689393938,69,-0.113290782959
2024-10-18,68418.7890625,73.0,6247,-0.6473401075911536,10.982125946969695,72,1.560549730311
2024-10-19,68362.734375,72.0,6239,-0.5092674315975286,9.826112689393938,71,-0.749128742845
2024-10-20,69001.703125,73.0,6394,-0.630057803468208,9.826112689393938,70,-0.777433965815
2024-10-21,67367.8515625,72.0,6186,-0.6591448931116389,13.947963238946844,71,1.484833579099
2024-10-22,67361.40625,70.0,6587,-0.6327868852459017,13.213859910581222,69,0.076862771533
2024-10-23,66432.1953125,71.0,6436,-0.6062052505966588,13.213859910581222,71,0.44703293253
2024-10-24,68161.0546875,69.0,7339,-0.544705136334813,13.213859910581222,72,0.63426271907
2024-10-25,66642.4140625,72.0,6394,-0.6450060168471721,13.213859910581222,72,0.946642438473
2024-10-26,67014.6953125,47.2217868338558,6400,-0.6203208556149733,11.011549925484353,70,-1.101076278885
2024-10-27,67929.296875,74.0,5979,-0.6111665004985045,11.745653253849976,71,-1.07848027162
2024-10-28,69907.7578125,72.0,6869,-0.6878402903811253,18.15579103922662,73,1.566329986399
2024-10-29,72720.4921875,72.0,8981,-0.7133311059137989,30.86484476668525,74,5.105083815599
2024-10-30,72339.5390625,77.0,8421,-0.6895715440582053,24.51031790295594,65,1.615384253689
2024-10-31,70215.1875,77.0,8107,-0.7398230088495575,20.87915969511061,71,1.793207487858
2024-11-01,69482.46875,75.0,7982,-0.6955307262569832,19.971370143149283,70,-0.009735060878
2024-11-02,69289.2734375,72.0,7208,-0.6815847395451211,16.340211935303962,68,-1.193610281095
2024-11-03,68741.1171875,74.0,9364,-0.7125171939477304,17.248001487265295,71,-1.166542558975
2024-11-04,67811.5078125,70.0,8788,-0.6731681602530311,17.073426573426573,71,0.055889537858
2024-11-05,69359.5625,70.0,9193,-0.7599316531396839,18.87062937062937,70,1.10943622324
2024-11-06,75639.078125,70.0,12824,-0.7461187214611872,71.88811188811188,82,6.617622462835
2024-11-07,75904.859375,77.0,10479,-0.7830903790087463,40.43706293706293,68,0.924485804872
2024-11-08,76545.4765625,75.0,9508,-0.7859361762214064,32.34965034965035,74,0.697391498434
2024-11-09,76778.8671875,75.0,9355,-0.8431372549019608,26.95804195804196,71,-0.303236924333
2024-11-10,80474.1875,78.0,12541,-0.8212572582681141,49.42307692307693,72,1.984590214431
2024-11-11,88701.484375,76.0,21551,-0.7866518765021261,39.85612855007473,77,4.41324377099
2024-11-12,87955.8125,80.0,20535,-0.7165948275862069,41.77690582959641,76,1.053661451265
2024-11-13,90584.1640625,84.0,18971,-0.6988463873709775,39.37593423019431,68,0.928721193448
2024-11-14,87250.4296875,88.0,16386,-0.6680429397192403,32.17301943198804,71,0.002897016968
2024-11-15,91066.0078125,80.0,13200,-0.67612076852699,23.529521674140504,69,-0.01552556584
2024-11-16,90558.4765625,86.0,13014,-0.6762778505897772,19.20777279521674,72,-0.621757083834
2024-11-17,89845.8515625,90.0,13237,-0.6909620991253644,18.247384155455904,71,-0.604094606823
2024-11-18,90542.640625,83.0,11964,-0.6812386156648452,19.18576388888889,71,0.155703246969
2024-11-19,92343.7890625,90.0,13152,-0.6999539806718822,19.18576388888889,71,1.01222385883
2024-11-20,94339.4921875,83.0,15546,-0.7300163132137031,21.365964330808083,72,0.67618385297
2024-11-21,98504.7265625,82.0,19596,-0.7376755303256648,31.394886363636367,73,2.853995526414
2024-11-22,98997.6640625,94.0,20755,-0.7204222788496542,34.44716698232323,72,0.773860021553
2024-11-23,97777.28125,93.0,15047,-0.729156139464376,21.365964330808083,66,-0.466075273576
2024-11-24,98013.8203125,80.0,14730,-0.7504069451980466,20.493884154040405,61,-0.721535791695
2024-11-25,93102.296875,82.0,13680,-0.565951459725642,33.80155723905723,61,0.261505482921
2024-11-26,91985.3203125,79.0,12784,-0.4390243902439024,33.12552609427609,71,0.475819400218
2024-11-27,95962.53125,75.0,11756,-0.6426763110307414,31.097432659932657,70,0.418189553566
2024-11-28,95652.46875,77.0,10691,-0.6768634209392503,25.68918350168349,70,-0.288807404251
2024-11-29,97461.5234375,78.0,10695,-0.4648263579697239,25.68918350168349,70,-0.226502767991
2024-11-30,96449.0546875,84.0,9619,-0.3940435280641466,22.98505892255892,72,-0.375016466576
2024-12-01,97279.7890625,81.0,10402,-0.5207667731629393,22.30902777777777,71,-0.184297717216
2024-12-02,95865.3046875,80.0,13103,-0.7094815506772536,16.210163432073543,71,0.311803919587
2024-12-03,96002.1640625,76.0,12725,-0.7658815132048536,15.783580183861082,70,-0.151282428332
2024-12-04,98768.53125,78.0,12072,-0.6507936507936508,16.210163432073543,70,-0.317080626858
2024-12-05,96593.5703125,84.0,43027,-0.5946704067321178,42.65832482124617,80,4.717763460902
2024-12-06,99920.7109375,72.0,25481,-0.6427640156453716,25.594994892747696,68,-0.228447431729
2024-12-07,99923.3359375,75.0,17598,-0.7535014005602241,18.34307967313585,67,-0.657442857123
2024-12-08,101236.015625,79.0,14137,-0.7103064066852368,17.063329928498465,71,-0.243436916361
2024-12-09,97432.71875,78.0,15630,-0.8238993710691824,27.41333333333333,72,0.238443599905
2024-12-10,96675.4296875,78.0,15075,-0.8676171079429735,28.65939393939394,72,-0.230791295287
2024-12-11,101173.03125,74.0,14011,-0.8488372093023255,26.167272727272728,71,0.118988041787
2024-12-12,100043.0,83.0,13651,-0.8675324675324675,25.544242424242427,72,-0.25987336983
2024-12-13,101459.2578125,76.0,13608,-0.8803827751196173,21.806060606060605,76,-0.513984991508
2024-12-14,101372.96875,83.0,11651,-0.8696461824953445,19.936969696969697,57,-0.629497855718
2024-12-15,104298.6953125,80.0,12999,-0.5897435897435898,21.806060606060605,72,-0.454366076031
2024-12-16,106029.71875,83.0,16228,-0.6091954022988506,22.988015200233846,80,0.384913561313
2024-12-17,106140.6015625,87.0,14055,-0.5151515151515151,20.734288219818765,72,-0.055476812549
2024-12-18,100041.5390625,81.0,13058,-0.6736842105263158,19.83279742765273,73,-0.58905105876
2024-12-19,97490.953125,75.0,14029,-0.5886524822695035,21.6357790119848,71,-0.644733564507
2024-12-20,97755.9296875,74.0,13167,-0.6183206106870229,22.988015200233846,71,-0.708201236639
2024-12-21,97224.7265625,73.0,11383,-0.5959595959595959,16.2268342589886,69,-1.006998394703
2024-12-22,95104.9375,73.0,11650,-0.5686274509803921,15.776088862905585,70,-0.966905611386
2024-12-23,94686.2421875,70.0,11603,-0.4285714285714285,21.416666666666664,69,-0.556174798464
2024-12-24,98676.09375,73.0,10110,-0.4210526315789473,20.37195121951219,73,-0.292215066789
2024-12-25,99299.1953125,73.0,9994,-0.4210526315789473,18.28252032520325,73,-0.637481886542
2024-12-26,95795.515625,79.0,11101,-0.5172413793103449,19.32723577235772,74,-0.560244007005
2024-12-27,94164.859375,74.0,11582,-0.1836734693877551,18.28252032520325,69,-0.525011127842
2024-12-28,95163.9296875,72.0,10182,-0.7241379310344828,15.148373983739836,70,-0.707419688611
2024-12-29,93530.2265625,73.0,9993,-0.4117647058823529,15.67073170731707,72,-0.822622156491
2024-12-30,92643.2109375,65.0,9709,-0.7837837837837838,13.69592476489028,75,-0.568301310439
2024-12-31,93429.203125,64.0,9971,-0.5,12.89028213166144,71,-0.554555327386
2025-01-01,94419.7578125,66.0,11135,-0.4666666666666667,20.543887147335425,70,-0.562864256188
2025-01-02,96886.875,70.0,12817,-0.625,22.155172413793107,75,-0.447194774843
2025-01-03,98107.4296875,74.0,17881,-0.3793103448275862,21.75235109717868,75,0.08168840088
2025-01-04,98236.2265625,73.0,12135,-0.3333333333333333,18.93260188087774,74,-0.574148087329
2025-01-05,98314.9609375,72.0,11805,-0.4,18.52978056426332,73,-0.687520291142
2025-01-06,102078.0859375,76.0,11820,-0.4222222222222222,19.275,79,-0.295304070392
2025-01-07,96922.703125,78.0,10936,-0.4615384615384615,20.62763157894737,73,-0.418337876968
2025-01-08,95043.5234375,70.0,10600,-0.5,19.61315789473684,71,-0.471202353919
2025-01-09,92484.0390625,69.0,10892,-0.4444444444444444,21.30394736842105,75,-0.304382073403
2025-01-10,94701.453125,50.0,11893,-0.3103448275862069,17.922368421052628,71,-0.396652770725
2025-01-11,94566.59375,69.0,8931,-0.1304347826086956,14.87894736842105,70,-0.605173158534
2025-01-12,94488.4375,62.0,10407,-0.1764705882352941,14.87894736842105,70,-0.472495732152
2025-01-13,94516.5234375,61.0,8990,-0.5151515151515151,22.613692480359145,72,-0.235201752636
2025-01-14,96534.046875,63.0,9692,-0.36,20.19079685746352,71,-0.028713122152
2025-01-15,100504.4921875,70.0,11209,-0.1515151515151515,22.20987654320988,71,-0.016110635632
2025-01-16,99756.90625,75.0,9845,-0.2666666666666666,22.20987654320988,73,-0.06368688176
2025-01-17,104462.0390625,75.0,10534,-0.4615384615384615,27.05566778900112,74,0.492907798216
2025-01-18,104408.0703125,77.0,10776,-0.5833333333333334,23.017508417508417,71,-0.283652432903
2025-01-19,101089.609375,77.0,12569,-0.2941176470588235,26.248035914702584,70,-0.184052065665
2025-01-20,102016.6640625,76.0,16482,-0.55,26.739497984133177,75,0.948944285512
2025-01-21,106146.265625,76.0,14907,-0.1282051282051282,21.39159838730654,67,0.235219425082
2025-01-22,103653.0703125,84.0,15137,-0.217391304347826,16.578488750162567,72,0.145909146659
2025-01-23,103960.171875,75.0,15214,-0.4242424242424242,18.18285862921056,73,0.899221358726
2025-01-24,104819.484375,75.0,14508,-0.3877551020408163,16.578488750162567,71,-0.000168434394
2025-01-25,104714.6484375,75.0,11606,-0.125,12.834959032383924,70,-0.698533616634
2025-01-26,102682.5,73.0,11878,-0.4285714285714285,12.30016907270126,67,-0.64936533938
